"id","provenience","region_id","geo_coordinates","anc_name","transc_name","pleiades_id","site_id","ara_name","arm_name","fas_name","geo_name","gre_name","heb_name","rus_name","osm_id","osm_type","geonames_id","lon_wgs1984","lat_wgs1984","accuracy"
"2","Sippar-Amnanum (mod. Tell ed-Der)","7","44.299183820213045, 33.099195374339885","Sippar-Amnanum","Tall al-Daiyyr","392373882","SIP","تل الدير",,,,NULL,,,"0",,"0","44.2992","33.0992","3"
"3","uncertain (mod. Mugdan/Umm al-Jir)","8","44.85014613504127, 32.64979722866254","Mukdan","Umm al-Jīr","0","MUG","أم الجير",,,,NULL,,,"0",,"0","44.8501","32.6498","3"
"4","uncertain (mod. Hissar)",NULL,NULL,,"Tapeh Ḥeṣār","942329","HSR",,,"تپه حصار",,NULL,,,"0",,"0","54.3851","36.1545","3"
"5","uncertain (mod. Masat Höyük)","1","35.76245098080403, 40.14817506039234","Tapigga","Maşat Höyük","133411593","MHO",,,,,NULL,,,"0",,"0","35.7625","40.1482","3"
"7","uncertain (mod. Tell Muhammad)","7","44.46819490189194, 33.300930077347395",NULL,NULL,NULL,"YMH",NULL,NULL,NULL,NULL,NULL,NULL,NULL,NULL,NULL,NULL,NULL,NULL,"0"
"8","uncertain (mod. Tell Abu Nakhlab)",NULL,NULL,NULL,NULL,NULL,NULL,NULL,NULL,NULL,NULL,NULL,NULL,NULL,NULL,NULL,NULL,NULL,NULL,"0"
"9","uncertain (mod. Lahir)",NULL,NULL,NULL,NULL,NULL,NULL,NULL,NULL,NULL,NULL,NULL,NULL,NULL,NULL,NULL,NULL,NULL,NULL,"0"
"10","Antipatris (mod. Tel Aphek)","3","34.931149133100085, 32.10537992207185","Antipatris","Tel Afek","687996","APH",,,,,NULL,"תל אפק",,"558583215","node","295746","34.9311","32.1054","3"
"11","Qasr-i Abu Nasr (mod. uncertain)","9","52.62521711541056, 29.584843666643376",,"Qaṣr-i Abūnaṣr","922623","QAN",,,"قصر ابونصر",,NULL,,,"0",,"0","52.6252","29.5848","3"
"12","Susa (mod. Shush)","9","48.2569427679668, 32.189572864036315","Susa","Šūš","912936","SUS",,,"شوش",,NULL,,,"0",,"0","48.2569","32.1896","3"
"13","Dur-Kurigalzu (mod. Aqar Quf)","7","44.18881205790802, 33.359956957913035","Dur-Kurigalzu","Tall ‘Aqarqūf","893988","AQA","تل عقرقوف",,,,NULL,,,"2486175272","node","6647830","44.1888","33.3600","3"
"14","Samal (mod. Zinčirli)","2","36.67835867233605, 37.10357764246285","Samal","Zinčirli","192555966","ZCR",,,,,NULL,,,"0",,"0","36.6784","37.1036","3"
"16","Lagaba (mod. uncertain)",NULL,NULL,NULL,NULL,NULL,NULL,NULL,NULL,NULL,NULL,NULL,NULL,NULL,NULL,NULL,NULL,NULL,NULL,"0"
"17","Ba-milkišu (mod. uncertain)",NULL,NULL,NULL,NULL,NULL,NULL,NULL,NULL,NULL,NULL,NULL,NULL,NULL,NULL,NULL,NULL,NULL,NULL,"0"
"18","uncertain (mod. Mah-i-dasht plain)",NULL,NULL,NULL,NULL,NULL,NULL,NULL,NULL,NULL,NULL,NULL,NULL,NULL,NULL,NULL,NULL,NULL,NULL,"0"
"19","uncertain (mod. Khan Haswa)","8","44.40163261783205, 32.827744969738085",,"Khān Ḥaswā","0","KHW","خان حسوا",,,,NULL,,,"0",,"0","44.4016","32.8277","2"
"20","uncertain (mod. Kizkapanlı)","2","37.28502404182889, 37.39504470883422",,"Kizkapanlı","193878353","KZK",,,,,NULL,,,"0",,"0","37.2850","37.3950","2"
"21","Ur (mod. Tell Muqayyar)","8","46.105443866695225, 30.960978097036044","Ur","Tall al-Muqayyar","912985","URI","تل المقير",,,,NULL,,,"0",,"0","46.1063","30.9608","3"
"22","Nippur (mod. Nuffar)","8","45.23002718281834, 32.127158659282706","Nippur","Nufar","912910","NIP","نفر",,,,NULL,,,"0",,"0","45.2300","32.1272","3"
"23","Kutha (mod. Tell Ibrahim)","8","44.611251293127125, 32.76055696717829","Gudua","Tall Ībrāhīm","893977","GUD","تل إبراهيم",,,,NULL,,,"0",,"0","44.6113","32.7606","3"
"24","Mardaman (mod. Bassetki)","6","42.72133638655306, 36.95895179914922","Mardaman","Bassatki","0","BAS","باستكي",,,,NULL,,,"624850125","way","0","42.7213","36.9590","3"
"25","Sippar-Yahrurum (mod. Tell Abu Habbah)","7","44.2552904318879, 33.0605205929857","Sippar","Tall Abū Ḥabbah","894089","SAP","تل أبو حبة",,,,NULL,,,"0",,"0","44.2553","33.0605","3"
"26","Tuttul (mod. Tell Bi'a)",NULL,"39.04718411906004, 35.95806177460075","Tuttul","Tall al-Bī‘a","582993625","TUT","تل البيعة",,,,NULL,,,"0",,"0","39.0472","35.9581","3"
"27","uncertain (mod. Pāra)","5","41.48517288531117, 36.37572433913907",,"Bārah","914118847","PRA","بارة",,,,NULL,,,"0",,"0","41.4852","36.3757","1"
"28","uncertain (mod. Nahavand)","9","48.376915118206156, 34.18897445901904",,"Nihāwand","0","NHV","نهاوند",,,,NULL,,,"0",,"0","48.3769","34.1890","2"
"29","Surru (mod. uncertain)",NULL,NULL,NULL,NULL,NULL,NULL,NULL,NULL,NULL,NULL,NULL,NULL,NULL,NULL,NULL,NULL,NULL,NULL,"0"
"31","Bit-zerija (mod. uncertain)",NULL,NULL,NULL,NULL,NULL,NULL,NULL,NULL,NULL,NULL,NULL,NULL,NULL,NULL,NULL,NULL,NULL,NULL,"0"
"32","uncertain (mod. Tell Fakhariyah)","5","40.07072611657052, 36.84240070530871","Sikani","Tall al-Fakhīriyah","572048102","FKR","تل الفخيرية",,,,NULL,,,"0",,"0","40.0707","36.8424","3"
"33","uncertain (mod. Tell al-Lahm)","8","46.365953474084094, 30.774042064350404",,"Tall al-Laḥam","912953","LHM","تل اللحم",,,,NULL,,,"0",,"0","46.3660","30.7740","3"
"34","uncertain (mod. Tell Taban)","5","40.78782246006277, 36.33627924363718","Ṭābetu","Tall Ṭābān","874754","TAB","تل طابان",,,,NULL,,,"0",,"0","40.7878","36.3363","3"
"35","Ḫadatu (mod. Arslan Tash)","5","38.40783055975995, 36.848479347899435","Ḫadatu","Arslān Ṭaš","658399","ART","أرسلان طاش",,,,NULL,,,"268543376","way","172902","38.4078","36.8485","3"
"36","uncertain (mod. Tell Hammam et-Turkman)","5","39.05694464043735, 36.48251245827384",NULL,NULL,NULL,"HTM",NULL,NULL,NULL,NULL,NULL,NULL,NULL,NULL,NULL,NULL,NULL,NULL,"0"
"37","Kapru (mod. uncertain)",NULL,NULL,NULL,NULL,NULL,NULL,NULL,NULL,NULL,NULL,NULL,NULL,NULL,NULL,NULL,NULL,NULL,NULL,"0"
"38","Garšana (mod. uncertain)","8","46.118983783600726, 31.443364541872814","Garšana","Tall Baridiyah","0","GRS","تل بردية",,,,NULL,,,"0",,"0","46.1190","31.4434","3"
"39","Lagash (mod. El-Hiba)","8","46.41087251042045, 31.418228640937464","Lagaš","Tall al-Hibā","959120263","LAG","تل الهبا",,,,NULL,,,"0",,"0","46.4109","31.4182","3"
"40","Nigin (mod. Surghul)","8","46.49483984254937, 31.377732302280737","Nigin","Īshān Zurghul","912909","NGN","ايشان زرعل",,,,NULL,,,"0",,"0","46.4948","31.3777","3"
"41","GARIN-naḫallum (mod. uncertain)",NULL,NULL,NULL,NULL,NULL,NULL,NULL,NULL,NULL,NULL,NULL,NULL,NULL,NULL,NULL,NULL,NULL,NULL,"0"
"42","uncertain (mod. Jebel Aruda)",NULL,"38.09843453641042, 36.23497936508436",,"Jabal ‘Ārūdah","0","JRD","جبل عارودة",,,,NULL,,,"0",,"0","38.0984","36.2350","3"
"44","uncertain (mod. Habuba Kabira)",NULL,"38.06092491160764, 36.15016378481896",,"Ḥabūbah","923122730","HBK","حبوبة",,,,NULL,,,"0",,"0","38.0609","36.1502","3"
"45","Dusabar (mod. uncertain)",NULL,NULL,NULL,NULL,NULL,NULL,NULL,NULL,NULL,NULL,NULL,NULL,NULL,NULL,NULL,NULL,NULL,NULL,"0"
"46","uncertain (mod. Hazor)","2","35.56548724550485, 33.02090240599362",,"Tel Hazor","779967430","HAZ",,,,,NULL,"תל חצור",,"0",,"0","35.5655","33.0209","3"
"47","Gubla (mod. Byblos)","2","35.64600442830427, 34.11918575931184","Gubla","Jibaīl","668216","BYB","جبيل",,,,NULL,,,"0",,"0","35.6460","34.1192","3"
"48","Irisagrig (mod. uncertain)","8","45.368947922951634, 32.15296764172861","Irisagrig","Unknown","237830124","IRS",,,,,NULL,,,"0",,"0","45.3689","32.1530","2"
"51","Tigunānum (mod. uncertain)",NULL,NULL,NULL,NULL,NULL,NULL,NULL,NULL,NULL,NULL,NULL,NULL,NULL,NULL,NULL,NULL,NULL,NULL,"0"
"53","uncertain (mod. Hillah)","8","44.436111779628405, 32.484489732211706",,"al-Ḥilah","296101142","HIL","الحلة",,,,NULL,,,"0",,"0","44.4361","32.4845","2"
"54","Shuruppak (mod. Fara)","8","45.511332080619354, 31.7772226662302","Šuruppak","Tall Fārā","326150788","SUR","تل فارا",,,,NULL,,,"0",,"0","45.5113","31.7772","3"
"55","Upi (mod. Opis)","7","44.70146662808116, 33.184433394445314","Upi","Opis","894056","UPI",,,,,NULL,,,"0",,"0","44.7015","33.1844","3"
"56","Agamatanu (mod. uncertain)",NULL,NULL,NULL,NULL,NULL,NULL,NULL,NULL,NULL,NULL,NULL,NULL,NULL,NULL,NULL,NULL,NULL,NULL,"0"
"57","Aqa (mod. uncertain)",NULL,NULL,NULL,NULL,NULL,NULL,NULL,NULL,NULL,NULL,NULL,NULL,NULL,NULL,NULL,NULL,NULL,NULL,"0"
"58","uncertain (mod. Zalil Ab)",NULL,NULL,NULL,NULL,NULL,NULL,NULL,NULL,NULL,NULL,NULL,NULL,NULL,NULL,NULL,NULL,NULL,NULL,"0"
"59","Eridu (mod. Abu Shahrain)","8","45.996226119889805, 30.816982677356318","Eridu","Abū Shahraīn","912845","ERI","أبو شهرين",,,,NULL,,,"0",,"0","45.9962","30.8170","3"
"60","uncertain (mod. el-Ghab)",NULL,NULL,NULL,NULL,NULL,NULL,NULL,NULL,NULL,NULL,NULL,NULL,NULL,NULL,NULL,NULL,NULL,NULL,"0"
"61","Qatuna (mod. uncertain)",NULL,NULL,NULL,NULL,NULL,NULL,NULL,NULL,NULL,NULL,NULL,NULL,NULL,NULL,NULL,NULL,NULL,NULL,"0"
"62","uncertain (mod. Mila Mergi)","6","42.913636346351566, 37.006032423189666",,"Mila Mergi","649834357","MMG",,,,,NULL,,,"0",,"0","42.9136","37.0060","2"
"63","Naṣir (mod. uncertain)",NULL,NULL,NULL,NULL,NULL,NULL,NULL,NULL,NULL,NULL,NULL,NULL,NULL,NULL,NULL,NULL,NULL,NULL,"0"
"64","uncertain (mod. Ozbaki)","9","50.586635203291564, 35.97995964499243",,"Ozbaki","0","OZB",,,,,NULL,,,"0",,"0","50.5866","35.9800","3"
"65","uncertain (mod. Cave Kalm-karra)","9","47.60107061533969, 33.19984826894272",,"Kalmākarreh","413309734","CKK",,,"کلماکره",,NULL,,,"0",,"0","47.6011","33.1998","2"
"66","uncertain (mod. Babil, Turkey)","6","42.02796255594424, 37.18766260397694",,"Kebeli","708232008","BTU",,,,,NULL,,,"0",,"0","42.0280","37.1877","3"
"67","uncertain (mod. Tepe Yahya)","9","56.86750952264314, 28.330936071665835",,"Tapeh Yahiya","29783","YAH",,,"تپه یحیی‎",,NULL,,,"0",,"0","56.8675","28.3309","3"
"69","Kesh (mod. uncertain)",NULL,NULL,NULL,NULL,NULL,NULL,NULL,NULL,NULL,NULL,NULL,NULL,NULL,NULL,NULL,NULL,NULL,NULL,"0"
"70","Ṣurmeš (mod. uncertain)",NULL,NULL,NULL,NULL,NULL,NULL,NULL,NULL,NULL,NULL,NULL,NULL,NULL,NULL,NULL,NULL,NULL,NULL,"0"
"72","uncertain (mod. Tell Uqair)","8","44.664357441705114, 32.78175229867321",,"Tall Uqair","0","UQA",,,,,NULL,,,"0",,"0","44.6644","32.7818","3"
"73","uncertain (mod. Abu Salabikh)","8","45.05442010496155, 32.252605906019724",,"Tall Abū Ṣālabīkh","912950","ASK","تل أبو صلابيخ",,,,NULL,,,"552343783","way","0","45.0544","32.2526","3"
"74","uncertain (mod. Tepe Sialk)","9","51.404252289872545, 33.96880428601469",,"Tapeh Sīyalk","0","TSI","تپه سیلک",,,,NULL,,,"0",,"0","51.4043","33.9688","3"
"75","uncertain (mod. As-Sib)","7","45.0568784995118, 34.19277959660273",,"Tall al-Sīb","0","LSB","تل السيب",,,,NULL,,,"0",,"0","45.0580","34.1929","3"
"76","uncertain (mod. Qaṭibat)",NULL,NULL,NULL,NULL,NULL,NULL,NULL,NULL,NULL,NULL,NULL,NULL,NULL,NULL,NULL,NULL,NULL,NULL,"0"
"77","uncertain (mod. Tappeh Bormi)","9","49.58901918028963, 31.24136730627983",,"Tapeh Bormī","0","TBO","تپه برمی",,,,NULL,,,"0",,"0","49.5890","31.2414","3"
"78","uncertain (mod. Yoncali)","11","42.18759776652293, 39.129026912208",,"Yoncali","708232007","YON",,,,,NULL,,,"0",,"0","42.1876","39.1290","2"
"79","Ebla (mod. Tell Mardikh)","2","36.798311625791534, 35.799019550745584","Ebla","Tall Mardīkh","869702586","EBA","تل مرديخ",,,,NULL,,,"0",,"0","36.7983","35.7990","3"
"80","Epurasie (mod. uncertain)",NULL,NULL,NULL,NULL,NULL,NULL,NULL,NULL,NULL,NULL,NULL,NULL,NULL,NULL,NULL,NULL,NULL,NULL,"0"
"81","Kalhu (mod. Nimrud/ Tawfiqiyah)","6","43.33851585012689, 36.102252146825315","Kalhu","Nimrūd","894019","NIM","نمرود",,,,NULL,,,"0",,"0","43.3385","36.1023","3"
"82","Dūr-Abī-ēšuḫ (mod. uncertain)",NULL,NULL,NULL,NULL,NULL,NULL,NULL,NULL,NULL,NULL,NULL,NULL,NULL,NULL,NULL,NULL,NULL,NULL,"0"
"83","Borsippa (mod. Birs Nimrud)","8","44.34340229455118, 32.39240627266629","Borsippa","Birs Nimrūd","893964","BOR","برس نمرود",,,,NULL,,,"0",,"0","44.3434","32.3924","3"
"84","Tarbisu (mod. Tell Sherif Khan)","6","43.077473610181194, 36.40895373493378","Tarbisu","Tall Šarīf Khān","30774368","SKH","تل شريف خان",,,,NULL,,,"0",,"0","43.0775","36.4090","3"
"85","Kish (mod. Tell Ingharra)","8","44.59495406806204, 32.545586185611675","Kiš","Kīsh","894028","KSH","كيش",,,,NULL,,,"0",,"0","44.5950","32.5456","3"
"86","Nineveh (mod. Nebi Yunus)",NULL,NULL,"Nineveh","Nīnūa","874621","NNV","نينوى",,,,NULL,,,"0",,"0","43.1622","36.3583","3"
"87","Šaḫrinu (mod. uncertain)",NULL,NULL,NULL,NULL,NULL,NULL,NULL,NULL,NULL,NULL,NULL,NULL,NULL,NULL,NULL,NULL,NULL,NULL,"0"
"88","Girsu (mod. Tello)","8","46.17762299687875, 31.559121026119087","Girsu","Tall Tīlūh","912855","GIR","تا تيلوه",,,,NULL,,,"0",,"0","46.1776","31.5591","3"
"89","uncertain (mod. Tuz Hurmati)","7","44.62523091645733, 34.884061980923065",,"Ṭūz Khūrmātū","0","THR","طوز خورماتو",,,,NULL,,,"0",,"0","44.6252","34.8841","2"
"90","Unqi (mod. Tell Ta'ynat)","2","36.375978433219416, 36.24826513183019",,"Tall Ṭa'iynāt","913163220","TAY","تل طعينات",,,,NULL,,,"0",,"0","36.3760","36.2483","3"
"91","Ešnunna (mod. Tell Asmar)","7","44.72761997523729, 33.483786647739734","Ešnuna","Tall ‘Asmar","90720956","ESH","تا أسمر",,,,NULL,,,"0",,"0","44.7276","33.4838","3"
"92","Pārśa (mod. Persepolis)","9","52.89251569650226, 29.934319691560752","Pārśa","Takht-i Jamšīd","922695","PRS",".",,"تخت جمشید",,NULL,,,"0",,"0","52.8925","29.9343","3"
"93","uncertain (mod. Jedide)","7","42.03263285648898, 34.38269655037538",,"Jadīdah","945906724","JDD","جديدە",,,,NULL,,,"0",,"0","42.0326","34.3827","1"
"94","uncertain (mod. Ras Ibn Hani)","2","35.734854725609935, 35.58702496416568",NULL,NULL,NULL,"UHN",NULL,NULL,NULL,NULL,NULL,NULL,NULL,NULL,NULL,NULL,NULL,NULL,"0"
"95","uncertain (mod. Tell Huweish)","6","43.23049621764851, 35.59312808749476",,"Tall Ḥuwaiyš","0","HWS","تل حويش",,,,NULL,,,"0",,"0","43.2305","35.5931","3"
"96","Shaduppum (mod. Tell Harmal)","7","44.466627196968574, 33.30988688768413","Šaduppûm","Tall Ḥarmal","821129014","SDP","تل حرمل",,,,NULL,,,"0",,"0","44.4666","33.3099","3"
"97","uncertain (mod. Godin Tepe)","9","48.06851087613198, 34.51831231353361",,"Gūdīn Tapeh","903035","GOT",,,"گودین‌تپه",,NULL,,,"0",,"0","48.0685","34.5183","3"
"98","Zabalam (mod. Ibzaikh)","8","45.87496266107924, 31.743679515700535","Zabalam","Tall Ibzaīykh","921099766","ZAB","تل ابزيخ",,,,NULL,,,"0",,"0","45.8750","31.7437","3"
"99","uncertain (mod. Ibzaih)",NULL,NULL,NULL,NULL,NULL,NULL,NULL,NULL,NULL,NULL,NULL,NULL,NULL,NULL,NULL,NULL,NULL,NULL,"0"
"100","Kabnak (mod. Haft Tepe)","9","48.32766430589025, 32.08035727284603","Kabnak","Haft Tapeh","0","KBN","هفت تپه",,,,NULL,,,"0",,"0","48.3277","32.0804","3"
"101","uncertain (mod. Umm al-Aqarib)","8","45.93392389495926, 31.620707645749942","Gišša","Umm al-Aqarib","0","UQR",,,,,NULL,,,"0",,"0","45.9339","31.6207","1"
"102","uncertain (mod. Tell Agrab)","7","44.87428504578914, 33.33918622121747",,"Tall Ajrab","171585551","AGR","تل اجرب",,,,NULL,,,"0",,"0","44.8743","33.3392","3"
"103","Gišši (mod. uncertain)",NULL,NULL,NULL,NULL,NULL,NULL,NULL,NULL,NULL,NULL,NULL,NULL,NULL,NULL,NULL,NULL,NULL,NULL,"0"
"104","Abdju (mod. Abydos)","14","31.911916324883233, 26.185693509898417","Abdju","Abīdūs","756512","ABY","أبيدوس",,,,NULL,,,"90456103","way","0","31.9080","26.1747","3"
"105","Uruk (mod. Warka)","8","45.63951586329477, 31.32348063845509","Uruk","Warkāʼ","912986","URU","وركاء",,,,NULL,,,"0",,"0","45.6395","31.3235","3"
"106","uncertain (mod. Dharan)","15","50.15029089790815, 26.26640119331173",,"Al-Ẓahrān","932449","DHR","الظهران",,,,NULL,,,"0",,"0","50.1503","26.2664","1"
"107","uncertain (mod. Tulul al-Lak)","6","43.26382152668111, 36.29833682214664",,"Tulūl al-Lak","741318296","TLL","تلول اللك",,,,NULL,,,"0",,"0","43.2638","36.2983","3"
"108","uncertain (mod. Bardi Sanjian Bitwata)","6","45.487930051251666, 35.78493490005667",,"Bitwātā","0","SNJ","بتواتا",,,,NULL,,,"0",,"0","45.4879","35.7849","2"
"109","Dur-Untaš (mod. Chogha Zanbil)","9","48.52294835868196, 32.007844247013644","Dur-Untaš","Čoġā Zanbīl","459393126","COZ",,,"چغازنبیل",,NULL,,,"0",,"0","48.5229","32.0078","3"
"111","uncertain (mod. Ben Shemen)","3","34.92068853249539, 31.953559688675345",,"Ben Šemen","413309736","BSH",,,,,NULL,"בן שמן",,"0",,"0","34.9207","31.9536","2"
"112","uncertain (mod. Padakka/Ha'it, Saudi Arabia)",NULL,"40.47439416224661, 25.98023039352485",,"Al-Ḥāīṭ","982176368","PDK","الحايط",,,,NULL,,,"0",,"0","40.4744","25.9802","2"
"113","uncertain (mod. Tell Hammam)","8","45.767543212362405, 31.636537472017285",,"Tall al-Ḥammām","912956","THM","تل الحمام",,,,NULL,,,"0",,"0","45.7675","31.6365","3"
"115","uncertain (mod. Abu Fandowa)","9","48.31642270385638, 32.09413980494383",,"Abū Fanduwā","0","FDW",,," ابو فندوا",,NULL,,,"0",,"0","48.3164","32.0941","3"
"116","uncertain (mod. Sar-i-pul-i-Zohāb)","9","45.86926558429432, 34.46335228887503",,"Sar-i Pol-i Zohāb","961961","ZOH",,,"سر پل زهاب",,NULL,,,"0",,"0","45.8693","34.4634","2"
"117","uncertain (mod. Hamadan)","9","48.51710352292792, 34.80433453470509",,"Hamadān","903021","HMD","همدان",,,,NULL,,,"0",,"0","48.5171","34.8043","3"
"118","Shaddikanni (mod. Tell Ajaja)","5","40.720584581995766, 36.208209602529486","Shaddikanni","Tall ‘Ajājah","874688","AJJ","تل عجاجة",,,,NULL,,,"3377375046","node","0","40.7206","36.2082","3"
"120","Seleucia (mod. Tell 'Umar)","7","44.521344910852044, 33.09627520745586",NULL,NULL,NULL,NULL,NULL,NULL,NULL,NULL,NULL,NULL,NULL,NULL,NULL,NULL,NULL,NULL,"0"
"121","uncertain (mod. Abu Jawan)","7","44.8070441338589, 33.133753564535375",,"Tulūl Abū Jāwan","894161","JWN","تلول أبو جاون",,,,NULL,,,"0",,"0","44.8070","33.1338","3"
"122","uncertain (mod. Za'aleh)",NULL,NULL,NULL,NULL,NULL,NULL,NULL,NULL,NULL,NULL,NULL,NULL,NULL,NULL,NULL,NULL,NULL,NULL,"0"
"123","uncertain (mod. Abu Sêcher)",NULL,NULL,NULL,NULL,NULL,NULL,NULL,NULL,NULL,NULL,NULL,NULL,NULL,NULL,NULL,NULL,NULL,NULL,"0"
"125","Bit-ṭab-bel (mod. uncertain)",NULL,NULL,NULL,NULL,NULL,NULL,NULL,NULL,NULL,NULL,NULL,NULL,NULL,NULL,NULL,NULL,NULL,NULL,"0"
"126","uncertain (mod. Tell Sabaa)","7","44.751431859817885, 33.463890255767346",,"Tall Sabā","0","TSB",,,,,NULL,,,"0",,"0","44.7514","33.4639","3"
"127","Bit-ali-... (mod. uncertain)",NULL,NULL,NULL,NULL,NULL,NULL,NULL,NULL,NULL,NULL,NULL,NULL,NULL,NULL,NULL,NULL,NULL,NULL,"0"
"128","Girigu (mod. uncertain)",NULL,NULL,NULL,NULL,NULL,NULL,NULL,NULL,NULL,NULL,NULL,NULL,NULL,NULL,NULL,NULL,NULL,NULL,"0"
"129","uncertain (mod. Tepe Farukhabad)","9","47.22468280150682, 32.587315897747075",,"Tapeh Farukhabād","0","FRU",,,"تپه فرخآباد",,NULL,,,"0",,"0","47.2247","32.5873","3"
"130","Tutub (mod. Khafaje)","7","44.55597983296949, 33.355460999993866","Tutub","Khafājī","490043590","TTB","خفاجي",,,,NULL,,,"0",,"0","44.5560","33.3555","3"
"131","Ugarit (mod. Ras Shamra)","2","35.785390664938824, 35.602144658720455","Ugarit","Rās Šamrah","668295","UGA","راس شمرة",,,,NULL,,,"0",,"0","35.7854","35.6021","3"
"132","Larak (mod. Tell Wilayah)","8","45.66026131683299, 32.31272630647333","Larak","Tall Wilāiyah","762762282","LRK","تل ولاية",,,,NULL,,,"0",,"0","45.6603","32.3127","3"
"133","Bad-Tibira (mod. Tell Medinah)","8","46.0040824993973, 31.383227526436276","Bad-Tibira","Tall al-Madinah","771224406","BTB","تل المدينة",,,,NULL,,,"0",,"0","46.0041","31.3832","3"
"134","Kar-Nabu (mod. uncertain)",NULL,NULL,NULL,NULL,NULL,NULL,NULL,NULL,NULL,NULL,NULL,NULL,NULL,NULL,NULL,NULL,NULL,NULL,"0"
"135","Dur-Katlimmu (mod. Tall Shekh Hamad)","5","40.7436362875364, 35.64635855702579","Dur-Katlimmu","Tall al-Šaiykh Hamad","893991","DKA","تل الشيخ حمد",,,,NULL,,,"0",,"0","40.7436","35.6464","3"
"136","Ašnakkum (mod. Chagar Bazar)","5","40.89788613659682, 36.875510924723066","Ašnakkum","Tall Šāghir Bāzār","480215077","ASZ","تل شاغر بازار",,,,NULL,,,"492109676","way","169251","40.8979","36.8755","3"
"137","uncertain (mod. Chogha Mish)","9","48.555572703833874, 32.224056115401275",,"Čoġā Mīš","912829","CGM",,,"چغامیش",,NULL,,,"0",,"0","48.5556","32.2241","3"
"138","uncertain (mod. Ishan-Dhahak)","8","44.83417272827165, 32.710401468783424",,"Išān Dhahak","0","IDH","إشان ذهك",,,,NULL,,,"0",,"0","44.8342","32.7104","3"
"140","uncertain (mod. Tepe Gotvand)","9","48.81287755348988, 32.24313455817446",,"Tapeh Gutwand","0","GTV",,,"تپه گتوند",,NULL,,,"0",,"0","48.8129","32.2431","2"
"141","Kar-bel-matati (mod. uncertain)",NULL,NULL,NULL,NULL,NULL,NULL,NULL,NULL,NULL,NULL,NULL,NULL,NULL,NULL,NULL,NULL,NULL,NULL,"0"
"142","uncertain (mod. Jerwan)","6","43.39341730194366, 36.66974609916964",,"Jarāwanah","248782116","JRW","جراونة",,,,NULL,,,"0",,"0","43.3934","36.6697","3"
"143","Emar (mod. Tell Meskene)",NULL,"38.112628016498505, 35.98767193504513","Emar","Tall Maskanah","279984092","EMR","تل مسكنة",,,,NULL,,,"0",,"0","38.1126","35.9877","3"
"144","uncertain (mod. Sidon)","2","35.36976407706112, 33.56251498882709",,"Ṣaiydā","678393","SID","صيدا",,,,NULL,,,"0",,"0","35.3698","33.5625","3"
"145","uncertain (mod. Uhudu)",NULL,NULL,NULL,NULL,NULL,NULL,NULL,NULL,NULL,NULL,NULL,NULL,NULL,NULL,NULL,NULL,NULL,NULL,"0"
"146","uncertain (mod. Tepe Sofalin)","9","51.73665536755178, 35.31614988698632",,"Tapeh Sofālīn","0","TSO",,,"تپه سفالین",,NULL,,,"0",,"0","51.7367","35.3161","3"
"147","Ecbatana (mod. uncertain)",NULL,NULL,NULL,NULL,NULL,NULL,NULL,NULL,NULL,NULL,NULL,NULL,NULL,NULL,NULL,NULL,NULL,NULL,"0"
"148","uncertain (mod. Tell al-Diba'i)","7","44.482375925479396, 33.32298825860158",NULL,NULL,NULL,"TBD",NULL,NULL,NULL,NULL,NULL,NULL,NULL,NULL,NULL,NULL,NULL,NULL,"0"
"149","Me-Turran (mod. Tell Haddad)","7","45.05124677404568, 34.19103842405816","Me-Turran","Tall Ḥadād","894042","HDD","تل حداد",,,,NULL,,,"0",,"0","45.0564","34.1928","3"
"150","uncertain (mod. Giricano)","6","40.74991912992244, 37.81698606712357",,"Giricano","293088342","GCN",,,,,NULL,,,"0",,"0","40.7499","37.8170","3"
"151","Kumu (mod. uncertain)",NULL,NULL,NULL,NULL,NULL,NULL,NULL,NULL,NULL,NULL,NULL,NULL,NULL,NULL,NULL,NULL,NULL,NULL,"0"
"152","Udannu (mod. uncertain)",NULL,NULL,NULL,NULL,NULL,NULL,NULL,NULL,NULL,NULL,NULL,NULL,NULL,NULL,NULL,NULL,NULL,NULL,"0"
"153","uncertain (mod. Diqdiqqah)","8","46.118629524458186, 30.97454763741033",,"Diqdiqqah","138636347","DQD","دقدقة",,,,NULL,,,"0",,"0","46.1186","30.9745","3"
"154","Umma (mod. Tell Jokha)","8","45.886144603234605, 31.666951327962998",,"Tall Jūka","44626252","JOK","تا جوكة",,,,NULL,,,"0",,"0","45.8861","31.6670","3"
"155","uncertain (mod. Palmyra)","2","38.26949682052829, 34.55223377488441",,"Tadmur","668331","PAL","تدمر",,,,NULL,,,"0",,"0","38.2695","34.5522","2"
"156","uncertain (mod. Tell Sweyhat)",NULL,"38.253816610394914, 36.27348119552815",,"Tall Suwaiyhat","0","SWE",,,,,NULL,,,"0",,"0","38.2538","36.2735","3"
"158","uncertain (mod. Abu-Maria)",NULL,NULL,NULL,NULL,NULL,NULL,NULL,NULL,NULL,NULL,NULL,NULL,NULL,NULL,NULL,NULL,NULL,NULL,"0"
"159","uncertain (mod. Jemdet Nasr)","8","44.77963208211047, 32.718200265491745",,"Jamdat Naṣr","733910291","NSR","جمدة نصر‎",,,,NULL,,,"0",,"0","44.7796","32.7182","3"
"160","Puzriš-Dagan (mod. Drehem)","8","45.29225393984834, 32.05911619636008","Puzriš-Dagan","Tall Dariyhim","359215729","DRE","تل دريهم",,,,NULL,,,"0",,"0","45.2923","32.0591","3"
"161","Mari (mod. Tell Hariri)","7","40.888739683043596, 34.5504872760585","Mari","Tall Ḥarīrī","286681704","MAR","تل حريري",,,,NULL,,,"0",,"0","40.8887","34.5505","3"
"162","Alalakh (mod. Tell Açana/Atshana)","2","36.38423247302444, 36.237796643639385","Alalah","Tel Açana","309866128","ALA","تل العطشانة",,,,NULL,,,"144312399","way","438064","36.3842","36.2378","3"
"164","uncertain (mod. Dohuk)","6","42.99750659830674, 36.866900582554884",,"Dāhuk","955792756","DOH","دهوك‎",,,,NULL,,,"0",,"0","42.9206","36.8624","1"
"165","Arrapha (mod. Kirkuk)","6","44.39577891411807, 35.47016488503217","Arrapha","Kirkūk","893941","ARR","كركوك",,,,NULL,,,"602684164","way","0","44.3958","35.4702","3"
"167","Kutalla (mod. Tell Sifr)","8","45.967289699943485, 31.2946185929709","Kutalla","Tall al-Sifr","0","SFR","تل سفر",,,,NULL,,,"0",,"0","45.9673","31.2946","3"
"168","Larsa (mod. Tell as-Senkereh)","8","45.85490667364962, 31.283220254710425","Larsa","Tall al-Sankarah","912897","LAR","تل السنكرة",,,,NULL,,,"0",,"0","45.8549","31.2832","3"
"169","uncertain (mod. Jiroft)","9","57.77920802361294, 28.463441344753907",,"Jīroft","0","JIR","جیرفت",,,,NULL,,,"0",,"0","57.7792","28.4634","1"
"171","Ḫattusa (mod. Boğazkale)","1","34.61649866661332, 40.0144335194348","Ḫattusa","Boğazkale","283602441","HAT",,,,,NULL,,,"0",,"0","34.6165","40.0144","3"
"172","Malgium (mod. Tell Yassir)",NULL,NULL,NULL,NULL,NULL,NULL,NULL,NULL,NULL,NULL,NULL,NULL,NULL,NULL,NULL,NULL,NULL,NULL,"0"
"173","uncertain (mod. Glai'a)","7","42.19211883306172, 34.29095787213933",,"Glai'a","223856812","GLA",,,,,NULL,,,"0",,"0","42.1921","34.2910","2"
"174","uncertain (mod. Himrin/Tell Suleimah)","7","45.10346447724247, 34.16772766584557","Awal","Sulaiymah","0","HMR","سليمه",,,,NULL,,,"0",,"0","45.1035","34.1677","3"
"175","Hurruba (mod. uncertain)",NULL,NULL,NULL,NULL,NULL,NULL,NULL,NULL,NULL,NULL,NULL,NULL,NULL,NULL,NULL,NULL,NULL,NULL,"0"
"176","Shibaniba (mod. Tell Billa)","6","43.34817687224927, 36.433576276430244","Šibaniba","Tall Billah","237391811","SHI","ال بلة",,,,NULL,,,"0",,"0","43.3482","36.4336","3"
"178","Der (mod. Tell Aqar)","7","45.93167342782178, 33.123831227245574","Der","Tall ‘Aqār","903013","DER","تل عقار",,,,NULL,,,"0",,"0","45.9317","33.1238","3"
"179","uncertain (mod. Amuda)","5","40.93313835288216, 37.133093896989195","Kulišhinaš","Tall ‘Āmūdā","874318","AMD","تل عامودا",,,,NULL,,,"0",,"0","40.9294","37.0973","3"
"181","Alu-ša-BAD-MAH-AN (mod. uncertain)",NULL,NULL,NULL,NULL,NULL,NULL,NULL,NULL,NULL,NULL,NULL,NULL,NULL,NULL,NULL,NULL,NULL,NULL,"0"
"182","Kapri-ša-naqidati (mod. uncertain)",NULL,NULL,NULL,NULL,NULL,NULL,NULL,NULL,NULL,NULL,NULL,NULL,NULL,NULL,NULL,NULL,NULL,NULL,"0"
"183","uncertain (mod. Tikrit)","7","43.69244252617271, 34.603165008406556",,"Tikrīt","894099","TIK","تكريت",,,,NULL,,,"0",,"0","43.6924","34.6032","3"
"184","Kish (mod. Tell Uhaimir)",NULL,NULL,NULL,NULL,NULL,NULL,NULL,NULL,NULL,NULL,NULL,NULL,NULL,NULL,NULL,NULL,NULL,NULL,"0"
"185","Apqu-ša-Adad (mod. Tell Abu Marya)","6","42.597324879558, 36.429587926876785","Apqu-ša-Adad","Tall Abū Māriyā","874723","QUA","ال أبو ماريا",,,,NULL,,,"0",,"0","42.5973","36.4296","3"
"186","Šašrum (mod. uncertain)","6","44.93848475076043, 36.20163930635524","Šušarra","Tall Šimšārah","0","SZU","تل شمشارة",,,,NULL,,,"0",,"0","44.9385","36.2016","3"
"187","uncertain (mod. Çorum, Turkey)",NULL,NULL,NULL,NULL,NULL,NULL,NULL,NULL,NULL,NULL,NULL,NULL,NULL,NULL,NULL,NULL,NULL,NULL,"0"
"188","uncertain (mod. Yasuj)","9","51.57965319539343, 30.66732447848179",,"Yāsūj","0","YSJ","یاسوج",,,,NULL,,,"0",,"0","51.5797","30.6673","2"
"189","uncertain (mod. Kibbutz Hama-apil)","3","34.98374442234597, 32.37828827367866",,"Qaqun","0","QQN","قاقون",,,,NULL,"קאקון",,"0",,"0","34.9951","32.3594","2"
"190","uncertain (mod. Kuşaklı)","1","36.909620205432866, 39.30847103894257","Šarišša","Kuşaklı","0","KSK",,,,,NULL,,,"0",,"0","36.9096","39.3085","3"
"192","Maškan-šapir (mod. Tell Abu Duwari)","8","45.22073402847139, 32.40557879515035","Maškan-šapir","Tall Abū Duwārī","715980704","MSK","تل أبو دواري",,,,NULL,,,"0",,"0","45.2207","32.4056","3"
"193","Kazallu (mod. uncertain)",NULL,NULL,NULL,NULL,NULL,NULL,NULL,NULL,NULL,NULL,NULL,NULL,NULL,NULL,NULL,NULL,NULL,NULL,"0"
"194","uncertain (mod. 'Ana)","7","41.97949907135851, 34.46778552347996",,"‘Anah","893936","TNA","عنه",,,,NULL,,,"0",,"0","41.9795","34.4678","1"
"196","uncertain (mod. Tell es-Seeb)",NULL,NULL,NULL,NULL,NULL,NULL,NULL,NULL,NULL,NULL,NULL,NULL,NULL,NULL,NULL,NULL,NULL,NULL,"0"
"197","Bit-Šaḫṭu (mod. uncertain)",NULL,NULL,NULL,NULL,NULL,NULL,NULL,NULL,NULL,NULL,NULL,NULL,NULL,NULL,NULL,NULL,NULL,NULL,"0"
"198","Tall-I Takht (mod. Pasargadae)","9","53.1768188539698, 30.200889949226013",NULL,NULL,NULL,NULL,NULL,NULL,NULL,NULL,NULL,NULL,NULL,NULL,NULL,NULL,NULL,NULL,"0"
"199","uncertain (mod. Sur Jar'a)","7","42.193923640480676, 34.30727218621609",,"Sur Jar‘a","413309738","SJR",,,,,NULL,,,"0",,"0","42.1939","34.3073","2"
"200","Bābili (mod. Babylon)","8","44.425879070900066, 32.53504780397623","Babylon","Bābīl","893951","BAB","بابيل",,,,NULL,,,"2488023863","node","98228","44.4259","32.5350","3"
"201","Naḫalla (mod. uncertain)",NULL,NULL,NULL,NULL,NULL,NULL,NULL,NULL,NULL,NULL,NULL,NULL,NULL,NULL,NULL,NULL,NULL,NULL,"0"
"202","Harran (mod. Harran)","5","39.03096526660184, 36.86346673810814","Harran","Ḥarrān","658427","HAR","حران",,,,NULL,,,"0",,"0","39.0310","36.8635","3"
"203","Alu-ša-šuma-ukin (mod. uncertain)",NULL,NULL,NULL,NULL,NULL,NULL,NULL,NULL,NULL,NULL,NULL,NULL,NULL,NULL,NULL,NULL,NULL,NULL,"0"
"204","Ḫarbe (mod. Tell Chuera)","5","39.49819987214599, 36.646956949453326","Ḫarbe","Tall al-Šuwaiyrah","677382294","CHU","تل الشويرة",,,,NULL,,,"0",,"0","39.4982","36.6470","3"
"206","uncertain (mod. Deh-e No)
",NULL,NULL,,"Deh-i Nō","903011","DNO",,,"دە نو",,NULL,,,"0",,"0","48.5684","32.0686","1"
"207","unknown",NULL,NULL,NULL,NULL,NULL,NULL,NULL,NULL,NULL,NULL,NULL,NULL,NULL,NULL,NULL,NULL,NULL,NULL,"0"
"211","Assur (mod. Qalat Sherqat)","6","43.26119681431895, 35.45579857157641","Assur","Qal‘at Širqāṭ","893945","ASS","قاعة شرقط",,,,NULL,,,"144223654","way","0","43.2612","35.4558","3"
"213","uncertain (mod. Himeri)",NULL,NULL,NULL,NULL,NULL,NULL,NULL,NULL,NULL,NULL,NULL,NULL,NULL,NULL,NULL,NULL,NULL,NULL,"0"
"214","Ekalte (mod. Tell Munbaqa)",NULL,"38.12987165463121, 36.21829757235264","Ekalte","Tall Munbāqah","703315102","EKA","تل منباقه",,,,NULL,,,"0",,"0","38.1299","36.2183","3"
"215","uncertain (mod. Umm al-Wawīya)","8","45.76268869411833, 31.261329810060314",,"Umm al-Wawiya","0","UWW",,,,,NULL,,,"0",,"0","45.7627","31.2613","3"
"217","Nagar (mod. Tell Brak)","5","41.05849642903648, 36.667088223175405","Nagar","Tall Brāk","874735","BRK","تل براك",,,,NULL,,,"0",,"0","41.0585","36.6671","3"
"218","Rusahinili (mod. Toprakkale)","11","43.40645040596359, 38.51025993596658","Rusahinili","Toprakkale","874771","RUS",,,,,NULL,,,"0",,"0","43.4065","38.5103","3"
"219","uncertain (mod. Tell Yarah)","6","43.25321563333674, 36.4466537540061",,"Tall Yārah","0","YAR","تل يارة",,,,NULL,,,"0",,"0","43.2532","36.4467","3"
"220","uncertain (mod. Dura-Europus)","7","40.729843124411865, 34.74790486113039","Dura-Europos","Dūrā Awrubūs","893990","DEP","دورا أوربوس",,,,NULL,,,"0",,"0","40.7298","34.7479","3"
"221","uncertain (mod. Tell Abu Harmal)",NULL,NULL,NULL,NULL,NULL,NULL,NULL,NULL,NULL,NULL,NULL,NULL,NULL,NULL,NULL,NULL,NULL,NULL,"0"
"222","Gasur/Nuzi (mod. Yorgan Tepe)","6","44.25468878662417, 35.37179836736319","Gasur","Yūrghan Tapeh","894054","NUZ","يورغان تبة",,,,NULL,,,"0",,"0","44.2547","35.3718","3"
"223","Marad (mod. Wanna-wa-Sadum)","8","44.7851766001005, 32.091745968530695","Marad","Tall Ṣadūm","912901","MRD","تل صدوم",,,,NULL,,,"0",,"0","44.7852","32.0917","3"
"224","uncertain (mod. Judi Dagh)","6","42.36687616055888, 37.383827229572255",,"Cudi Dağı","471828778","JDG",,,,,NULL,,,"0",,"0","42.3669","37.3838","1"
"225","Hummanu (mod. uncertain)",NULL,NULL,NULL,NULL,NULL,NULL,NULL,NULL,NULL,NULL,NULL,NULL,NULL,NULL,NULL,NULL,NULL,NULL,"0"
"226","uncertain (mod. Tell Ubaid)","8","46.0305397582449, 30.97227675999772",,"Tall al-ʻUbaīd","339709658","UBD","تل العبيد",,,,NULL,,,"0",,"0","46.0305","30.9723","3"
"227","uncertain (mod. Alisar)","1","35.26142363665798, 39.60595762487379","Ankuwa","Alişar Hüyük","650309285","ALS",,,,,NULL,,,"183053062","way","0","35.2614","39.6060","3"
"228","uncertain (mod. Til-Buri)",NULL,NULL,NULL,NULL,NULL,NULL,NULL,NULL,NULL,NULL,NULL,NULL,NULL,NULL,NULL,NULL,NULL,NULL,"0"
"229","uncertain (mod. Tawfiqiyah)",NULL,NULL,NULL,NULL,NULL,NULL,NULL,NULL,NULL,NULL,NULL,NULL,NULL,NULL,NULL,NULL,NULL,NULL,"0"
"230","uncertain (mod. Kurkh)","6","40.53977331443715, 37.82608502231577",,"Üçtepe","874418","KKH",,,,,NULL,,,"0",,"0","40.5398","37.8261","3"
"231","uncertain (mod. Beisan)","6","43.10200580819992, 36.42165995180302",,"Baysān","0","BAY","بيسان",,,,NULL,,,"0",,"0","43.1037","36.4223","1"
"233","uncertain (mod. Tell Abu Qubur)","7","44.21855258994569, 33.14550187934369",,"Tall Abū Qubur","894110","QBR","تل أبو قبر",,,,NULL,,,"0",,"0","44.2186","33.1455","3"
"234","Kar-Tukulti-Ninurta (mod. Tulul al-ʿAqir)","6","43.27935829142509, 35.49446743277399","Kar-Tukulti-Ninurta","Tulūl al-‘Aqir","430344980","KTN","تلول الأقر",,,,NULL,,,"0",,"0","43.2794","35.4945","3"
"235","uncertain (mod. Abu Halawa)","7","44.487482321270264, 33.42589063380756",,"Tall Ḥalāwah","0","HLW","تل حلاوة",,,,NULL,,,"0",,"0","44.4875","33.4259","3"
"236","Bit-ḫulummu (mod. uncertain)",NULL,NULL,NULL,NULL,NULL,NULL,NULL,NULL,NULL,NULL,NULL,NULL,NULL,NULL,NULL,NULL,NULL,NULL,"0"
"237","uncertain (mod. Behistun)","9","47.43182757281897, 34.38810994098025",,"Bīsutūn","903002","BIS",,,"بیستون‎",,NULL,,,"345926152","node","0","47.4318","34.3881","3"
"238","uncertain (mod. Nessana)","3","34.432103403823234, 30.87590859084571",,"Nitzana","687988","NSN",,,,,NULL,"ניצנה",,"0",,"0","34.4321","30.8759","3"
"239","Alu-šabtu (mod. uncertain)",NULL,NULL,NULL,NULL,NULL,NULL,NULL,NULL,NULL,NULL,NULL,NULL,NULL,NULL,NULL,NULL,NULL,NULL,"0"
"240","uncertain (mod. Bavian)","6","43.42002677383945, 36.761508610316085",,"Bāvīān","874398","BVI","بافيان",,,,NULL,,,"0",,"0","43.4200","36.7615","2"
"242","Qattara (mod. Tell al Rimah","6","42.450066710074154, 36.256977225208004","Qatara","Tall al-Rimah","356369838","QAT","تل الرمة",,,,NULL,,,"0",,"0","42.4501","36.2570","3"
"244","Tushhan (mod. Ziyaret Tepe)","6","40.79299662034409, 37.79364363577798","Tushhan","Ziyaret Tepe","0","ZTP",,,,,NULL,,,"0",,"0","40.7930","37.7936","3"
"245","Nerebtum (mod. Iščali)","7","44.58286745184724, 33.302973828784744","Nerebtum","Išẖālī","357565832","NRB","أشخالي",,,,NULL,,,"0",,"0","44.5829","33.3030","3"
"246","uncertain (mod. Pir Huseyin)","6","40.387570317171104, 38.11130074065458",,"Pir Hüseyin","0","PHU",,,,,NULL,,,"0",,"0","40.3876","38.1113","3"
"247","uncertain (mod. Kermanshah)","9","47.064912288198975, 34.31402096826709",,"Kermānšāh","903102","KRM",,,"کرمانشاه‎",,NULL,,,"0",,"0","47.0649","34.3140","2"
"248","uncertain (mod. Hadidi)",NULL,"38.15078252453644, 36.2645337300849",,"Tall al-Ḥadīdī","0","HAD","تل الحديدي",,,,NULL,,,"0",,"0","38.1508","36.2645","3"
"250","Terqa (mod. Ashara)",NULL,"40.56775821901112, 34.922942015342734",NULL,NULL,NULL,"TQR",NULL,NULL,NULL,NULL,NULL,NULL,NULL,NULL,NULL,NULL,NULL,NULL,"0"
"251","Isqalluna (mod. Ashkelon)","3","34.54719864597829, 31.66290259503744","Isqalluna","Ashqelon","687839","SQL","عسقلان",,,,NULL,"אַשְׁקְלוֹן",,"0",,"0","34.5472","31.6629","3"
"252","Adab (mod. Bismaya)","8","45.62337719337562, 31.95090075642944","Adab","Bismāyā","787747618","ADB","بسمايا",,,,NULL,,,"8111965224","node","0","45.6234","31.9509","3"
"253","Dilbat (mod. Deilam)","8","44.46681345193855, 32.29616756480444","Dilbat","Tall al-Dilaiym","893987","DLB","تل الدليم",,,,NULL,,,"0",,"0","44.4668","32.2962","3"
"254","Urkesh (mod. Tell Mozan)","5","40.99759456734251, 37.057258695766755","Urkiš","Tall Mūzān","404687441","URK","تل موزان‎‎",,,,NULL,,,"0",,"0","40.9976","37.0573","3"
"255","Sagub (mod. uncertain)",NULL,NULL,NULL,NULL,NULL,NULL,NULL,NULL,NULL,NULL,NULL,NULL,NULL,NULL,NULL,NULL,NULL,NULL,"0"
"257","uncertain (mod. Tell Abta)","6","42.56194826078022, 35.94322312137951",,"Tall ‘Abṭah","111343632","TBT","تل عبطة",,,,NULL,,,"0",,"0","42.5619","35.9432","2"
"258","Elammu (mod. uncertain)",NULL,NULL,NULL,NULL,NULL,NULL,NULL,NULL,NULL,NULL,NULL,NULL,NULL,NULL,NULL,NULL,NULL,NULL,"0"
"259","uncertain (mod. Tas-Silg, Malta)","16","14.551949482253695, 35.84594027013678",,"Tas-Silġ","601235773","SLG",,,,,NULL,,,"0",,"0","14.5519","35.8459","3"
"260","uncertain (mod. Beydar)","5","40.58726934024236, 36.738163570060465","Nabada","Tall Baiydar","423885388","NAB","تل بيدر",,,,NULL,,,"0",,"0","40.5873","36.7382","3"
"262","uncertain (mod. Mazyad)","8","44.55613764883943, 32.59324991083319",,"Išān Miziyad","0","MZA","إشان مزياد",,,,NULL,,,"0",,"0","44.5561","32.5932","3"
"263","Huzirina (mod. Sultantepe)","5","38.90620924323689, 37.050123484752795","Huzirina","Sultantepe","249509021","HUZ",,,,,NULL,,,"0",,"0","38.9062","37.0501","3"
"264","uncertain (mod. Old Makhmur)",NULL,NULL,,"Tall Ibrāhīm Bayis","0","IBA","تل ابراهيم بايس",,,,NULL,,,"460334102","way","0","43.5551","35.7743","3"
"266","Akhetaten (mod. el-Amarna)","14","30.895953093830027, 27.64007650258611","Akhetaten","Al-‘Amārnah","149576487","AKH","العمارنة",,,,NULL,,,"102555365","way","12119893","30.8960","27.6401","3"
"267","Alu-binatu (mod. uncertain)",NULL,NULL,NULL,NULL,NULL,NULL,NULL,NULL,NULL,NULL,NULL,NULL,NULL,NULL,NULL,NULL,NULL,NULL,"0"
"268","uncertain (mod. Umm el-Hafriyat)","8","45.48131062708076, 32.1323889028574",,"Umm al-Ḥafriyāt","0","UFR","أم الحفريات",,,,NULL,,,"0",,"0","45.4813","32.1324","3"
"269","Bit-šar-Babili (mod. uncertain)",NULL,NULL,NULL,NULL,NULL,NULL,NULL,NULL,NULL,NULL,NULL,NULL,NULL,NULL,NULL,NULL,NULL,NULL,"0"
"270","Karkemish (mod. Djerabis)",NULL,"38.01567927449604, 36.82944884019034","Karkemish","Karkamiş","658465","KRK","جرابلس",,,,NULL,,,"0",,"0","38.0157","36.8294","3"
"271","uncertain (mod. Zawiyya)","7","42.17250269832301, 34.29250079014807",,"Zawiyah","767486703","ZWY","زوية",,,,NULL,,,"0",,"0","42.1725","34.2925","2"
"272","uncertain (mod. Megiddo)","3","35.182865020936845, 32.58224875995108",,"Megiddo","26356565","MGD",,,,,NULL,"מגידו",,"0",,"0","35.1829","32.5822","3"
"273","uncertain (mod. Negub tunnel)","6","43.47628136823646, 36.04468984362942",,"Nigūb","413309737","NGB","نگوب",,,,NULL,,,"0",,"0","43.4763","36.0447","3"
"274","Ḫadiranu-ša-Nabu (mod. uncertain)",NULL,NULL,NULL,NULL,NULL,NULL,NULL,NULL,NULL,NULL,NULL,NULL,NULL,NULL,NULL,NULL,NULL,NULL,"0"
"275","Imgur-Enlil (mod. Balawat)","6","43.40334579253313, 36.229438269400134","Imgur-Enlil","Balāwāt","90032637","BLW","بلاوات",,,,NULL,,,"0",,"0","43.4033","36.2294","3"
"276","Harradum (mod. Khirbet ed-Diniye)","7","41.586635475672054, 34.46113429180161","Haradum","Khirbat al-Diniyah","894003","HRD","خربة الدينية",,,,NULL,,,"0",,"0","41.5866","34.4611","3"
"277","uncertain (mod. Dawali)","7","41.991222253331586, 34.453521120634804",,"al-Dawālī","945906723","DWL","الدوالي",,,,NULL,,,"0",,"0","41.9912","34.4535","2"
"278","uncertain (mod. Umm Chatil)",NULL,NULL,NULL,NULL,NULL,NULL,NULL,NULL,NULL,NULL,NULL,NULL,NULL,NULL,NULL,NULL,NULL,NULL,"0"
"279","Nineveh (mod. Kuyunjik)","6","43.162172582643734, 36.35829319484197","Nineveh","Nīnūa","874621","NNV","نينوى",,,,NULL,,,"0",,"0","43.1622","36.3583","3"
"280","uncertain (mod. Shadad)","18","57.706393843758676, 30.417165187805722",,"Šahdād","0","SHD",,,"شهداد",,NULL,,,"0",,"0","57.7064","30.4172","1"
"281","Hursagkalama (mod. Ingharra)",NULL,NULL,NULL,NULL,NULL,NULL,NULL,NULL,NULL,NULL,NULL,NULL,NULL,NULL,NULL,NULL,NULL,NULL,"0"
"282","uncertain (mod. Samarra)","7","43.87951490620085, 34.229157673922515",,"Sāmmarā","894082","SMR","سامراء",,,,NULL,,,"0",,"0","43.8795","34.2292","3"
"283","uncertain (mod. Ortaköy)","1","35.23752409277775, 40.25416671725741","Sapinuwa","Ortaköy","964671598","ORT",,,,,NULL,,,"0",,"0","35.2375","40.2542","3"
"284","uncertain (mod. Ghazir)","9","49.41087632300106, 31.36009829170051",,"Tall Gasir","0","GZH",,,"تل گسر",,NULL,,,"0",,"0","49.4150","31.3597","3"
"285","uncertain (mod. Tepe Gawra)","6","43.260468626109066, 36.49585268966158",,"Tapah Gawra","944606650","GWR","تپه گورە",,,,NULL,,,"0",,"0","43.2605","36.4959","3"
"286","Anšan (mod. Tell Malyan)","9","52.412352714941605, 30.01194641444125","Anšan","Tal-I Malyān","922729","ANS",,,"تل ملیان",,NULL,,,"3323694495","node","125047","52.4124","30.0119","3"
"287","Alu-eššu (mod. uncertain)",NULL,NULL,NULL,NULL,NULL,NULL,NULL,NULL,NULL,NULL,NULL,NULL,NULL,NULL,NULL,NULL,NULL,NULL,"0"
"289","Šubat-Enlil (mod. Leilan)","5","41.50699473239214, 36.95791479520312","Šubat-Enlil","Tall Laiylān","223856813","SZE","تل ليلان",,,,NULL,,,"0",,"0","41.5070","36.9579","3"
"290","Dur-Šarrukin (mod. Khorsabad)","6","43.23478738117259, 36.50352528513375","Dur-Šarrukin","Khūrsabāṭ","874458","SAR","خورسباط",,,,NULL,,,"0",,"0","43.2348","36.5035","3"
"291","Kanesh (mod. Kültepe)","1","35.636514333015825, 38.85177608881757","Kanesh","Kültepe","628923","KNS",,,,,NULL,,,"0",,"0","35.6365","38.8518","3"
"292","uncertain (mod. Nahr el-Kelb)","2","35.5966223947197, 33.95540397923985",,"Nahr al-Kalb","2970016","KLB","نهر الكلب",,,,NULL,,,"0",,"0","35.5966","33.9554","2"
"293","uncertain (mod. Tell al-Hawa)","6","42.30128204733683, 36.74825870656474",,"Tall al-Hawa","874728","THW","تل الهوى",,,,NULL,,,"0",,"0","42.3013","36.7483","3"
"295","uncertain (mod. Tell Ghdairife)","7","44.26497927937538, 34.18184574479889",,"Tall Ghaḍaiyrīfah","0","GDR","تل غضيريفه",,,,NULL,,,"0",,"0","44.2650","34.1818","3"
"296","Nereb (mod. Neirab)","2","37.22657451328895, 36.17772453920567","Nereb","Naiyrab","633912597","NER","نيرب",,,,NULL,,,"0",,"0","37.2266","36.1777","2"
"297","uncertain (mod. Rabat Tepe)","6","45.555281794018185, 36.21304805988714",,"Rabat Tapeh","0","RTE","ربت تپه",,,,NULL,,,"0",,"0","45.5553","36.2130","3"
"298","Pī-Kasî (mod. Tell Abu Antiq)",NULL,NULL,"Pi-Kasî","Tall Abū ‘Antīk","0","ANT","تل أبو عنتيك",,,,NULL,,,"0",,"0","44.6394","32.1311","3"
"299","uncertain (mod. Amran)",NULL,NULL,NULL,NULL,NULL,NULL,NULL,NULL,NULL,NULL,NULL,NULL,NULL,NULL,NULL,NULL,NULL,NULL,"0"
"300","Kahat (mod. Tell Barri)","5","41.12706139359872, 36.73860882991313","Kahat","Tall Barri","874732","KHT","تل بري",,,,NULL,,,"0",,"0","41.1271","36.7386","3"
"301","uncertain (mod. Išān Hāfudh)","8","45.420727274818915, 31.95690806170413",,"Išān Hāfudh","0","IHF","إشان حافذ",,,,NULL,,,"0",,"0","45.4207","31.9569","3"
"302","Kilizu (mod. Qasr Shamamuk)","6","43.75147628546383, 36.103980591885495","Kilizu","Qaṣr Šimāmūk","894027","QSH","قصر شماموك",,,,NULL,,,"0",,"0","43.7515","36.1040","3"
"303","Isin (mod. Bahriyat)","8","45.268839699666785, 31.885258379253408","Isin","Īšān Baḥrīyāt","912868","ISN","إشان نحريات",,,,NULL,,,"0",,"0","45.2688","31.8853","3"
"304","Til Barsip (mod. Tell Ahmar)",NULL,"38.12091247942159, 36.67430122165444","Til Barsip","Tall Aḥmar","658410","TBP","تل أحمر",,,,NULL,,,"0",,"0","38.1209","36.6743","3"
"306","uncertain (mod. uncertain)",NULL,NULL,NULL,NULL,NULL,NULL,NULL,NULL,NULL,NULL,NULL,NULL,NULL,NULL,NULL,NULL,NULL,NULL,"0"
"307","uncertain (mod. Sepphoris)","3","35.279091641234785, 32.75294408768719",,"Zippori","678387","SPH","صفورية",,,,NULL,"צִפּוֹרִי",,"0",,"0","35.2791","32.7529","3"
"308","uncertain (mod. Saba'a)","7","41.42014527465502, 35.060836556337286",,"Sabā’a","528477900","SBA","سباع",,,,NULL,,,"0",,"0","41.4201","35.0608","1"
"309","uncertain (mod. Shahr-i Sokhta)","18","61.32803852807714, 30.59612579233376",,"Šahr-i Sōkhta","377547413","SOK",,,"شهر سوخته",,NULL,,,"0",,"0","61.3280","30.5961","3"
"310","uncertain (mod. Aşağı Yarımca)","5","38.969051984579515, 36.89490184796493",,"Aşağı Yarımca","0","AYC",,,,,NULL,,,"2311371181","node","436411","38.9691","36.8949","3"
"312","uncertain (mod. Tell en-Nasbeh)","3","35.216636745106996, 31.885131116998654",,"Tall al-Naṣbah","0","NSB","تل النصبة",,,,NULL,"תל אנצבה",,"0",,"0","35.2166","31.8851","3"
"313","uncertain (mod. Nar-Madanu)",NULL,NULL,NULL,NULL,NULL,NULL,NULL,NULL,NULL,NULL,NULL,NULL,NULL,NULL,NULL,NULL,NULL,NULL,"0"
"314","Kisurra (mod. Abu Hatab)","8","45.48101569609992, 31.83832269391475","Kisurra","Išān Abū Ḥaṭab","0","KSR","إشان أبو حطب",,,,NULL,,,"0",,"0","45.4810","31.8383","3"
"315","KI.AN (mod. uncertain)",NULL,NULL,NULL,NULL,NULL,NULL,NULL,NULL,NULL,NULL,NULL,NULL,NULL,NULL,NULL,NULL,NULL,NULL,"0"
"316","Baḫe (mod. uncertain)",NULL,NULL,NULL,NULL,NULL,NULL,NULL,NULL,NULL,NULL,NULL,NULL,NULL,NULL,NULL,NULL,NULL,NULL,"0"
"318","uncertain (mod. Tell Jidr)","8","45.70325611199036, 31.825461033681997",,"Tall Jidar","912957","JDR","تل جدر",,,,NULL,,,"0",,"0","45.7033","31.8255","2"
"360","Kian (Tell Shmid)",NULL,NULL,NULL,NULL,NULL,NULL,NULL,NULL,NULL,NULL,NULL,NULL,NULL,NULL,NULL,NULL,NULL,NULL,"0"
"361","Kish (mod. Tell Barguthiat)",NULL,NULL,NULL,NULL,NULL,NULL,NULL,NULL,NULL,NULL,NULL,NULL,NULL,NULL,NULL,NULL,NULL,NULL,"0"
"362","Adabilu (mod. uncertain)",NULL,NULL,NULL,NULL,NULL,NULL,NULL,NULL,NULL,NULL,NULL,NULL,NULL,NULL,NULL,NULL,NULL,NULL,"0"
"363","Amurru-šar-uṣur (mod. uncertain)",NULL,NULL,NULL,NULL,NULL,NULL,NULL,NULL,NULL,NULL,NULL,NULL,NULL,NULL,NULL,NULL,NULL,NULL,"0"
"364","Asdūdu (mod. Ashdod)",NULL,NULL,"Asdûdu","Ashdod","687838","ASD","أَشْدُود‎",,,,NULL,"אַשְׁדּוֹד",,"0",,"293402","34.6593","31.7560","3"
"365","Burmarina (mod. Tell Shiukh Fawqani)",NULL,NULL,NULL,NULL,NULL,NULL,NULL,NULL,NULL,NULL,NULL,NULL,NULL,NULL,NULL,NULL,NULL,NULL,"0"
"366","Bāb-ṣubbāti (mod. uncertain)",NULL,NULL,NULL,NULL,NULL,NULL,NULL,NULL,NULL,NULL,NULL,NULL,NULL,NULL,NULL,NULL,NULL,NULL,"0"
"367","Bīt-Abī-rām (mod. uncertain)",NULL,NULL,NULL,NULL,NULL,NULL,NULL,NULL,NULL,NULL,NULL,NULL,NULL,NULL,NULL,NULL,NULL,NULL,"0"
"368","Bīt-Bāba-ēriš (mod. uncertain)",NULL,NULL,NULL,NULL,NULL,NULL,NULL,NULL,NULL,NULL,NULL,NULL,NULL,NULL,NULL,NULL,NULL,NULL,"0"
"369","Bīt-Dibušiti (mod. uncertain)",NULL,NULL,NULL,NULL,NULL,NULL,NULL,NULL,NULL,NULL,NULL,NULL,NULL,NULL,NULL,NULL,NULL,NULL,"0"
"370","Bīt-Našar (mod. uncertain)",NULL,NULL,NULL,NULL,NULL,NULL,NULL,NULL,NULL,NULL,NULL,NULL,NULL,NULL,NULL,NULL,NULL,NULL,"0"
"371","Bīt-Naʾinnašu (mod. uncertain)",NULL,NULL,NULL,NULL,NULL,NULL,NULL,NULL,NULL,NULL,NULL,NULL,NULL,NULL,NULL,NULL,NULL,NULL,"0"
"372","Bīt-ham... (mod. uncertain)",NULL,NULL,NULL,NULL,NULL,NULL,NULL,NULL,NULL,NULL,NULL,NULL,NULL,NULL,NULL,NULL,NULL,NULL,"0"
"373","Bīt-Šinqā (mod. uncertain)",NULL,NULL,NULL,NULL,NULL,NULL,NULL,NULL,NULL,NULL,NULL,NULL,NULL,NULL,NULL,NULL,NULL,NULL,"0"
"375","Curium (mod. Kourion Cyprus)",NULL,NULL,,"Kourion","0","KOU",,,,,NULL,,,"24698251","way","146671","32.8844","34.6667","2"
"376","Dilmun (mod. A'ali Bahrain)",NULL,NULL,"Dilmun","‘Ālī","0","DIL","عالي",,,,NULL,,,"0",,"0","50.5257","26.1517","1"
"377","Dilmun (mod. Qal'at al-Bahrain)",NULL,NULL,"Dilmun","Qalʻat al-Baḥraīn","932478","DLM","قلعة البحرين",,,,NULL,,,"0",,"0","50.5210","26.2329","3"
"378","Du-Enlila (mod. uncertain)",NULL,NULL,NULL,NULL,NULL,NULL,NULL,NULL,NULL,NULL,NULL,NULL,NULL,NULL,NULL,NULL,NULL,NULL,"0"
"379","Ešura (mod. uncertain)",NULL,NULL,NULL,NULL,NULL,NULL,NULL,NULL,NULL,NULL,NULL,NULL,NULL,NULL,NULL,NULL,NULL,NULL,"0"
"381","Gišša (mod. Umm al-Aqarib)",NULL,NULL,NULL,NULL,NULL,NULL,NULL,NULL,NULL,NULL,NULL,NULL,NULL,NULL,NULL,NULL,NULL,NULL,"0"
"382","Halicarnassus (mod. Halicarnassus)",NULL,NULL,,"Halicarnassos","461581651","HAL",,,,,NULL,,,"739181962","way","11962350","27.4241","37.0379","2"
"383","Hamat (mod. uncertain)",NULL,NULL,NULL,NULL,NULL,NULL,NULL,NULL,NULL,NULL,NULL,NULL,NULL,NULL,NULL,NULL,NULL,NULL,"0"
"384","Hamath (mod. Hama)",NULL,NULL,"Hamath","Ḥamāh","0","HAM","حماة",,,,NULL,,,"572557865","node","170017","36.7479","35.1311","3"
"385","Hazatu (mod. uncertain)",NULL,NULL,NULL,NULL,NULL,NULL,NULL,NULL,NULL,NULL,NULL,NULL,NULL,NULL,NULL,NULL,NULL,NULL,"0"
"386","Himuru (mod. uncertain)",NULL,NULL,NULL,NULL,NULL,NULL,NULL,NULL,NULL,NULL,NULL,NULL,NULL,NULL,NULL,NULL,NULL,NULL,"0"
"387","Idu (mod. Hīt)",NULL,NULL,NULL,NULL,NULL,NULL,NULL,NULL,NULL,NULL,NULL,NULL,NULL,NULL,NULL,NULL,NULL,NULL,"0"
"388","Kašši... (mod. uncertain)",NULL,NULL,NULL,NULL,NULL,NULL,NULL,NULL,NULL,NULL,NULL,NULL,NULL,NULL,NULL,NULL,NULL,NULL,"0"
"391","Kish (mod. Tell el-Bender)",NULL,NULL,NULL,NULL,NULL,NULL,NULL,NULL,NULL,NULL,NULL,NULL,NULL,NULL,NULL,NULL,NULL,NULL,"0"
"392","Kišesim (mod. Najafabad)",NULL,NULL,NULL,NULL,NULL,NULL,NULL,NULL,NULL,NULL,NULL,NULL,NULL,NULL,NULL,NULL,NULL,NULL,"0"
"393","Ma'allanate (mod. uncertain)",NULL,NULL,NULL,NULL,NULL,NULL,NULL,NULL,NULL,NULL,NULL,NULL,NULL,NULL,NULL,NULL,NULL,NULL,"0"
"394","Marqasu (mod. Kahramanmaraş)",NULL,NULL,NULL,NULL,NULL,NULL,NULL,NULL,NULL,NULL,NULL,NULL,NULL,NULL,NULL,NULL,NULL,NULL,"0"
"395","Melidu (mod. Arslantepe)",NULL,NULL,NULL,NULL,NULL,NULL,NULL,NULL,NULL,NULL,NULL,NULL,NULL,NULL,NULL,NULL,NULL,NULL,"0"
"396","Pašime (mod. Tell Abu Sheeja)",NULL,NULL,"Pašime","Tall Abū Šījah","108542249","PAS","تل أبو شيجة",,,,NULL,,,"0",,"0","47.1479","32.3944","3"
"397","Qāṭīnu (mod. uncertain)",NULL,NULL,NULL,NULL,NULL,NULL,NULL,NULL,NULL,NULL,NULL,NULL,NULL,NULL,NULL,NULL,NULL,NULL,"0"
"398","Samerina (mod. Samaria)",NULL,NULL,NULL,NULL,NULL,NULL,NULL,NULL,NULL,NULL,NULL,NULL,NULL,NULL,NULL,NULL,NULL,NULL,"0"
"399","Sirara (mod. Tell Zurghul)",NULL,NULL,NULL,NULL,NULL,,NULL,NULL,NULL,NULL,NULL,NULL,NULL,NULL,NULL,NULL,NULL,NULL,"0"
"400","Surkh Dum (mod. Sorḵdom)",NULL,NULL,,"Surkh Dum Lurī","0","SDM",,,"سرخ دم لـري",,NULL,,,"0",,"0","47.7079","33.5065","2"
"401","Susarra (mod. Tell Shemshara)",NULL,NULL,NULL,NULL,NULL,NULL,NULL,NULL,NULL,NULL,NULL,NULL,NULL,NULL,NULL,NULL,NULL,NULL,"0"
"402","Tema (mod. Tayma)",NULL,NULL,,"Ṭaymā","814739","TYM","تيما",,,,NULL,,,"1237942492","node","101516","38.5500","27.6219","3"
"403","Thêbai (mod. Thebes Beoticia Greece)",NULL,NULL,"Thebai","Thiva","541138","THE",,,,,NULL,,,"154086178","node","252910","23.3177","38.3207","3"
"404","Timnah (mod. Khirbet Tibneh)",NULL,NULL,"Timnah","Tel Batash","746825","TMN",,,,,NULL,"תל בטש",,"0",,"0","34.9111","31.7848","3"
"405","Tunip (mod. Acharneh)",NULL,NULL,"Tunip","Tall al-A`shārnah","0","TNP","تل العشارنة",,,,NULL,,,"567200880","node","0","36.3960","35.2877","1"
"406","Yāhūdu (mod. uncertain)",NULL,NULL,NULL,NULL,NULL,NULL,NULL,NULL,NULL,NULL,NULL,NULL,NULL,NULL,NULL,NULL,NULL,NULL,"0"
"407","uncertain (mod. Aqabi)",NULL,NULL,NULL,NULL,NULL,NULL,NULL,NULL,NULL,NULL,NULL,NULL,NULL,NULL,NULL,NULL,NULL,NULL,"0"
"408","uncertain (mod. Brissa)",NULL,NULL,NULL,NULL,NULL,NULL,NULL,NULL,NULL,NULL,NULL,NULL,NULL,NULL,NULL,NULL,NULL,NULL,"0"
"409","uncertain (mod. El-Khargeh)",NULL,NULL,NULL,NULL,NULL,NULL,NULL,NULL,NULL,NULL,NULL,NULL,NULL,NULL,NULL,NULL,NULL,NULL,"0"
"410","uncertain (mod. Failaka)",NULL,NULL,NULL,NULL,NULL,NULL,NULL,NULL,NULL,NULL,NULL,NULL,NULL,NULL,NULL,NULL,NULL,NULL,"0"
"411","uncertain (mod. Faqous)",NULL,NULL,NULL,NULL,NULL,NULL,NULL,NULL,NULL,NULL,NULL,NULL,NULL,NULL,NULL,NULL,NULL,NULL,"0"
"412","uncertain (mod. Gherla Romania)",NULL,NULL,,"Gherla","207133","GRL",,,,,NULL,,,"45425101","way","677429","23.8915","47.0196","1"
"413","uncertain (mod. Kabret)",NULL,NULL,NULL,NULL,NULL,"KIB",NULL,NULL,NULL,NULL,NULL,NULL,NULL,NULL,NULL,NULL,NULL,NULL,"0"
"414","uncertain (mod. Kam-Firouz)",NULL,NULL,NULL,NULL,NULL,NULL,NULL,NULL,NULL,NULL,NULL,NULL,NULL,NULL,NULL,NULL,NULL,NULL,"0"
"415","uncertain (mod. Kastri Cythera Greece)",NULL,NULL,,"Kastri","570400","KAS",,,,,NULL,,,"0",,"0","22.9980","36.2585","1"
"416","uncertain (mod. Konar Sandal)",NULL,NULL,,"Konar Sandal","0","KOS","کنار صندل",,,,NULL,,,"93556408","way","0","57.7787","28.4495","3"
"417","uncertain (mod. Lacarna)",NULL,NULL,NULL,NULL,NULL,NULL,NULL,NULL,NULL,NULL,NULL,NULL,NULL,NULL,NULL,NULL,NULL,NULL,"0"
"418","uncertain (mod. Mahmudiyah)",NULL,NULL,NULL,NULL,NULL,NULL,NULL,NULL,NULL,NULL,NULL,NULL,NULL,NULL,NULL,NULL,NULL,NULL,"0"
"419","uncertain (mod. Merj Khamis)",NULL,NULL,NULL,NULL,NULL,NULL,NULL,NULL,NULL,NULL,NULL,NULL,NULL,NULL,NULL,NULL,NULL,NULL,"0"
"420","uncertain (mod. Mount Elvend)",NULL,NULL,NULL,NULL,NULL,NULL,NULL,NULL,NULL,NULL,NULL,NULL,NULL,NULL,NULL,NULL,NULL,NULL,"0"
"422","uncertain (mod. Naqš-i-Rustam)",NULL,NULL,,"Naqsh Rustam","0","NQS",,,"نقش رستم",,NULL,,,"235636111","node","122681","52.8746","29.9885","3"
"424","uncertain (mod. Sela)",NULL,NULL,,"Sela","86623849","SLA","سيل",,,,NULL,,,"0",,"0","35.5780","30.7824","2"
"425","uncertain (mod. Shir as-Sanam)",NULL,NULL,NULL,NULL,NULL,NULL,NULL,NULL,NULL,NULL,NULL,NULL,NULL,NULL,NULL,NULL,NULL,NULL,"0"
"427","uncertain (mod. Suez)",NULL,NULL,NULL,NULL,NULL,NULL,NULL,NULL,NULL,NULL,NULL,NULL,NULL,NULL,NULL,NULL,NULL,NULL,"0"
"428","uncertain (mod. Tall al-Farḥa)",NULL,NULL,"Ḫabuba","Tall al-Farḥa","0","TFA","Unknown",,,,NULL,,,"0",,"0","43.4612","35.2652","1"
"429","uncertain (mod. Tang-i Var)",NULL,NULL,NULL,NULL,NULL,NULL,NULL,NULL,NULL,NULL,NULL,NULL,NULL,NULL,NULL,NULL,NULL,NULL,"0"
"430","uncertain (mod. Tell Abu Hajar)",NULL,NULL,NULL,NULL,NULL,NULL,NULL,NULL,NULL,NULL,NULL,NULL,NULL,NULL,NULL,NULL,NULL,NULL,"0"
"431","uncertain (mod. Tell Baradan)",NULL,NULL,NULL,NULL,NULL,NULL,NULL,NULL,NULL,NULL,NULL,NULL,NULL,NULL,NULL,NULL,NULL,NULL,"0"
"432","uncertain (mod. Tell Fray)",NULL,NULL,,"Tall Fray","0","FRA",,,,,NULL,,,"0",,"0","38.3835","35.9030","1"
"433","uncertain (mod. Tell Subeidi)",NULL,NULL,NULL,NULL,NULL,NULL,NULL,NULL,NULL,NULL,NULL,NULL,NULL,NULL,NULL,NULL,NULL,NULL,"0"
"434","uncertain (mod. Tell Sukas)",NULL,NULL,NULL,NULL,NULL,NULL,NULL,NULL,NULL,NULL,NULL,NULL,NULL,NULL,NULL,NULL,NULL,NULL,"0"
"435","uncertain (mod. Tell Taanach)",NULL,NULL,NULL,NULL,NULL,NULL,NULL,NULL,NULL,NULL,NULL,NULL,NULL,NULL,NULL,NULL,NULL,NULL,"0"
"436","uncertain (mod. Tell Yelkhi)",NULL,NULL,,"Yelkhi","0","YEL","تل يلخي",,,,NULL,,,"0",,"0","45.0013","34.2857","1"
"437","uncertain (mod. Tell el-Hesi)",NULL,NULL,,"Tel Hesi","720628458","HSI",,,,,NULL,"תל חסי",,"0",,"0","34.7307","31.5474","2"
"438","uncertain (mod. Tell el-Maskuta)",NULL,NULL,NULL,NULL,NULL,NULL,NULL,NULL,NULL,NULL,NULL,NULL,NULL,NULL,NULL,NULL,NULL,NULL,"0"
"439","uncertain (mod. Thebes)",NULL,NULL,NULL,NULL,NULL,NULL,NULL,NULL,NULL,NULL,NULL,NULL,NULL,NULL,NULL,NULL,NULL,NULL,"0"
"440","uncertain (mod. Tilmen Höyük)",NULL,NULL,,"Tilmen Höyük","0","THY",,,,,NULL,,,"231331200","way","0","36.7038","37.0303","3"
"441","uncertain (mod. Turlu Höyük)",NULL,NULL,,"Turlu Höyük","201144661","THO",,,,,NULL,,,"0",,"7619119","37.7581","37.0677","2"
"442","uncertain (mod. Uluburun)",NULL,NULL,NULL,NULL,NULL,NULL,NULL,NULL,NULL,NULL,NULL,NULL,NULL,NULL,NULL,NULL,NULL,NULL,"0"
"443","uncertain (mod. al Ḥā'iṭ Saudi Arabia)",NULL,NULL,NULL,NULL,NULL,NULL,NULL,NULL,NULL,NULL,NULL,NULL,NULL,NULL,NULL,NULL,NULL,NULL,"0"
"444","uncertain (mod. Šišin)",NULL,NULL,NULL,NULL,NULL,NULL,NULL,NULL,NULL,NULL,NULL,NULL,NULL,NULL,NULL,NULL,NULL,NULL,"0"
"445","Āl-šarri (mod. uncertain)",NULL,NULL,NULL,NULL,NULL,NULL,NULL,NULL,NULL,NULL,NULL,NULL,NULL,NULL,NULL,NULL,NULL,NULL,"0"
"446","Āl-šarri-ša-qašti-eššeti (mod. uncertain)",NULL,NULL,NULL,NULL,NULL,NULL,NULL,NULL,NULL,NULL,NULL,NULL,NULL,NULL,NULL,NULL,NULL,NULL,"0"
"447","Ālu-ša-Našar (mod. uncertain)",NULL,NULL,NULL,NULL,NULL,NULL,NULL,NULL,NULL,NULL,NULL,NULL,NULL,NULL,NULL,NULL,NULL,NULL,"0"
"448","Ālu-ša-Ṭūb-Yāma (mod. uncertain)",NULL,NULL,NULL,NULL,NULL,NULL,NULL,NULL,NULL,NULL,NULL,NULL,NULL,NULL,NULL,NULL,NULL,NULL,"0"
"526","Šibaniba (mod. Tell Billa)",NULL,NULL,NULL,NULL,NULL,NULL,NULL,NULL,NULL,NULL,NULL,NULL,NULL,NULL,NULL,NULL,NULL,NULL,"0"
"614","Šahdad (mod. Kerman)",NULL,NULL,NULL,NULL,NULL,NULL,NULL,NULL,NULL,NULL,NULL,NULL,NULL,NULL,NULL,NULL,NULL,NULL,"0"
"616","uncertain (mod. Qal’eh-i Imam)",NULL,NULL,NULL,NULL,NULL,NULL,NULL,NULL,NULL,NULL,NULL,NULL,NULL,NULL,NULL,NULL,NULL,NULL,"0"
"617","uncertain (mod. Tag)",NULL,NULL,NULL,NULL,NULL,NULL,NULL,NULL,NULL,NULL,NULL,NULL,NULL,NULL,NULL,NULL,NULL,NULL,"0"
"634","Kar-Mullissu (mod. Karamles)",NULL,NULL,"Kar-Mullissi","Tall al-Qaddīsah Barbārah",NULL,"KML",NULL,NULL,NULL,NULL,NULL,NULL,NULL,"4470758281","node","6860783","43.4095","36.3056","3"
"635","uncertain (mod. Tell Khaiber)",NULL,NULL,NULL,"Tall Khaibar",NULL,"KHA","تل خيبر",NULL,NULL,NULL,NULL,NULL,NULL,"2482459138","node",NULL,"45.9328","31.0593","3"
"636","uncertain (mod. Tulul Khatab)",NULL,NULL,NULL,"Tulūl Khaṭāb","894167","TKH","تلول خطاب",NULL,NULL,NULL,NULL,NULL,NULL,"2486303399","node","6806341",NULL,NULL,"2"
"637","Guzana (mod. Tell Halaf)",NULL,NULL,NULL,NULL,"874739","HLF","تل حلف",NULL,NULL,NULL,NULL,NULL,NULL,"874739","node",NULL,"40.0399","40.0399","3"
